{"gTse00pjr3WSqsiiQ1jbFQ==":"mbr-122x131.jpg","v8TYQ3wG5I/07j3vtd0IEQ==":"brain-icon-114x114.png","3b9Vl3NDi/7IUu1cWFUqjw==":"brain_image_found_when_search_fornlp_)1-240x160.png","AouHinf9yy/EW7820jKsmg==":"realistcchristmas-240x238.jpg","xseTzIGqcJ+7ifAjjk9OYA==":"a_rocket_for_a_flyer-240x515.png","zaA6pAOVa7pbf7neT3uYeA==":"deep_learn_face-1-240x240.png","Ju9s1FHRZV4hoNDzjFoANQ==":"dog-2719601-240x160.jpg","C4rVNd0LDYXFd05tp8kt5A==":"tiger-2719614-240x270.jpg","xSfgW3mbtwPHCe5ouHmOcw==":"mbr-510x340.jpg","8TNQmC8/vbupNFQNPd6x2w==":"mbr-510x287.jpg","6FmeW91tbzDFrLF3FO4kkQ==":"mbr-510x346.jpg","pEx7k1dpKW+DqHdBG1wRMA==":"mbr-1-510x340.jpg","vOUK+ey7AjlkzisPtH4L2g==":"mbr-510x303.jpg","jTu9g7tum8ebSsE95zmj3w==":"mbr-2-510x340.jpg","YCO5/SxVY6AcPnFZh9XFpQ==":"mbr-510x300.jpg","FxHVG0CVgP/F7JHP8qyd3Q==":"face2.jpg","fQ2oEZGBjc7C9iYOXn1pSw==":"face3.jpg","iufiUClvD7msckBl1hIkUQ==":"face1.jpg","mIIbxW0r7dEZSbMPwcoYdg==":"background2.jpg","h15qst89NYm1q9dmjvfR6g==":"screen%20shot%202019-11-25%20at%208.15.16%20pm-262x130.png","8CUSeyTpAV4z08szjYFm+w==":"mbr-1920x1280.jpg","pDrCUEVznqOO2wt6cwd8FA==":"79437068_437630267159163_5959430005539733504_n-240x244.jpg","ioWcrd0zxZmus56Lc3xpaQ==":"yash_bayai_2019-2020-240x360.jpg","fVpskWQLYiMwQWlqP/Coeg==":"yash_bayai_2019-2021-240x360.jpg","MCx/G4/9oxiyhl3xbUx3Wg==":"yash_bayai_2019-2022-240x360.jpg","AiHcZWjZezNxUfr6JlwssQ==":"78531184_585272578970570_4798674772642758656_n-240x320.jpg","Kyr1TxObLVGX+daYySdQ1Q==":"79437068_437630267159163_5959430005539733504_n-1-240x244.jpg","ZUs9LAc9QLunN7uY/DoVUA==":"sidd_bayai-240x360.jpg","qfVUSg1YiedwC0Hro3CdhQ==":"sidd_bayai-1-240x360.jpg","tKxcknA2H4/TkeKiNdfJwA==":"sidd_bayai-2-240x360.jpg","xv5y3t+tmCIViMtYLDk/6Q==":"sidd_bayai-3-240x360.jpg","pmINwL2FmyribNC86Eu0IQ==":"sidd_bayai-4-240x360.jpg","SJryIxJzOdUJxkJG2/Q/dQ==":"sidd_bayai-5-240x360.jpg","SkQ6ylOphX8keicqj4DaBw==":"sidd_bayai-6-240x360.jpg","fZlK4c4Ffo4LrSCVucCtrQ==":"78531184_585272578970570_4798674772642758656_n-1-240x320.jpg","gBW/Nkrsodf4TBJGZbYdeA==":"78132260_469927046991324_8735189647216345088_n-240x320.jpg","JkCsPzp8EECpaH0hTiunjg==":"78379532_1720243444776795_5397578971040710656_n-240x320.jpg"}